Station,Total Production Time,Total Reconfiguration Time,Total Time
7,6356.59239169515,1214,7570.59239169515
2,5432.556746031747,773,6205.556746031747
5,4049.490196078431,522,4571.490196078431
3,6202.5,359,6561.5
6,2497.818756238128,360,2857.818756238128
4,5196.514285714285,1122,6318.514285714285
1,2742.6309523809523,775,3517.6309523809523
