Station,Total Production Time,Total Reconfiguration Time,Total Time
6,6816.5438934501,1080,7896.5438934501
1,2810.5476190476193,836,3646.5476190476193
7,1563.6071262071264,210,1773.6071262071264
2,4475.928571428574,775,5250.928571428574
5,3228.411764705883,283,3511.411764705883
4,4678.597619047618,1267,5945.597619047618
3,1077.5,60,1137.5
