Station,Total Production Time,Total Reconfiguration Time,Total Time
6,1669.0279333955802,300,1969.0279333955802
1,3448.2559523809527,848,4296.255952380952
7,7185.383214537699,1274,8459.383214537698
5,4049.490196078431,522,4571.490196078431
3,6202.5,359,6561.5
2,4743.931746031746,670,5413.931746031746
4,5179.514285714285,1152,6331.514285714285
